{
  "name": "integrated_villages:tavern_village/farmhouse",
  "fallback": "minecraft:empty",
  "elements": [
    {
      "weight": 3,
      "element": {
        "location": "integrated_villages:tavern_village/house/tavern_village_farmhouse1",
        "processors": "integrated_villages:tavern_village_processor",
        "projection": "rigid",
        "enhanced_terrain_adaptation": {
          "type": "integrated_api:custom",
          "carves": true,
          "beards": true,
          "kernel_size": 25,
          "kernel_distance": 25
        },
        "element_type": "integrated_api:integrated_api_single_pool_element"
      }
    },
    {
      "weight": 3,
      "element": {
        "location": "integrated_villages:tavern_village/house/tavern_village_farmhouse2",
        "processors": "integrated_villages:tavern_village_processor",
        "projection": "rigid",
        "enhanced_terrain_adaptation": {
          "type": "integrated_api:custom",
          "carves": true,
          "beards": true,
          "kernel_size": 25,
          "kernel_distance": 25
        },
        "element_type": "integrated_api:integrated_api_single_pool_element"
      }
    }
  ]
}