{
  "name": "integrated_villages:tavern_village/intersection",
  "fallback": "minecraft:empty",
  "elements": [
    {
      "weight": 1,
      "element": {
        "location": "integrated_villages:tavern_village/intersection/tavern_village_intersection1",
        "processors": "integrated_villages:tavern_village_processor",
        "projection": "rigid",
        "enhanced_terrain_adaptation": {
          "type": "integrated_api:custom",
          "carves": true,
          "beards": true,
          "kernel_size": 8,
          "kernel_distance": 10
        },
        "element_type": "integrated_api:integrated_api_single_pool_element"
      }
    }
  ]
}