{
  "name": "integrated_villages:tavern_village/path_end",
  "fallback": "minecraft:empty",
  "elements": [
    {
      "weight": 2,
      "element": {
        "location": "integrated_villages:tavern_village/path/tavern_village_path_end1",
        "processors": "integrated_villages:tavern_village_processor",
        "projection": "terrain_matching",
        "element_type": "minecraft:single_pool_element"
      }
    },
    {
      "weight": 2,
      "element": {
        "location": "integrated_villages:tavern_village/path/tavern_village_path_end2",
        "processors": "integrated_villages:tavern_village_processor",
        "projection": "terrain_matching",
        "element_type": "minecraft:single_pool_element"
      }
    }
  ]
}