{
  "name": "idas:dig_site/dig_site",
  "fallback": "minecraft:empty",
  "elements": [
    {
      "weight": 1,
      "element": {
        "location": "idas:dig_site/dig_site",
        "processors": "idas:dig_site_processor",
        "projection": "rigid",
        "enhanced_terrain_adaptation": {
          "type": "integrated_api:custom",
          "carves": true,
          "beards": true,
          "kernel_size": 20,
          "kernel_distance": 35
        },
        "element_type": "integrated_api:integrated_api_single_pool_element"
      }
    }
  ]
}