{
  "name": "integrated_villages:kutcha_village/path/path",
  "fallback": "minecraft:empty",
  "elements": [
    {
      "weight": 2,
      "element": {
        "location": "integrated_villages:kutcha_village/path/kutcha_village_path_house1",
        "processors": "integrated_villages:kutcha_village_processor",
        "projection": "terrain_matching",
        "element_type": "minecraft:legacy_single_pool_element"
      }
    },
    {
      "weight": 2,
      "element": {
        "location": "integrated_villages:kutcha_village/path/kutcha_village_path_house2",
        "processors": "integrated_villages:kutcha_village_processor",
        "projection": "terrain_matching",
        "element_type": "minecraft:legacy_single_pool_element"
      }
    },
    {
      "weight": 2,
      "element": {
        "location": "integrated_villages:kutcha_village/path/kutcha_village_path_house3",
        "processors": "integrated_villages:kutcha_village_processor",
        "projection": "terrain_matching",
        "element_type": "minecraft:legacy_single_pool_element"
      }
    },
    {
      "weight": 2,
      "element": {
        "location": "integrated_villages:kutcha_village/path/kutcha_village_path_house4",
        "processors": "integrated_villages:kutcha_village_processor",
        "projection": "terrain_matching",
        "element_type": "minecraft:legacy_single_pool_element"
      }
    },
    {
      "weight": 2,
      "element": {
        "location": "integrated_villages:kutcha_village/path/kutcha_village_path_house5",
        "processors": "integrated_villages:kutcha_village_processor",
        "projection": "terrain_matching",
        "element_type": "minecraft:legacy_single_pool_element"
      }
    },
    {
      "weight": 2,
      "element": {
        "location": "integrated_villages:kutcha_village/path/kutcha_village_path_house6",
        "processors": "integrated_villages:kutcha_village_processor",
        "projection": "terrain_matching",
        "element_type": "minecraft:legacy_single_pool_element"
      }
    },
    {
      "weight": 2,
      "element": {
        "location": "integrated_villages:kutcha_village/path/kutcha_village_path_house7",
        "processors": "integrated_villages:kutcha_village_processor",
        "projection": "terrain_matching",
        "element_type": "minecraft:legacy_single_pool_element"
      }
    },
    {
      "weight": 2,
      "element": {
        "location": "integrated_villages:kutcha_village/path/kutcha_village_path_farmhouse1",
        "processors": "integrated_villages:kutcha_village_processor",
        "projection": "terrain_matching",
        "element_type": "minecraft:legacy_single_pool_element"
      }
    },
    {
      "weight": 2,
      "element": {
        "location": "integrated_villages:kutcha_village/path/kutcha_village_path_farmhouse2",
        "processors": "integrated_villages:kutcha_village_processor",
        "projection": "terrain_matching",
        "element_type": "minecraft:legacy_single_pool_element"
      }
    },
    {
      "weight": 2,
      "element": {
        "location": "integrated_villages:kutcha_village/path/kutcha_village_path_well",
        "processors": "integrated_villages:kutcha_village_processor",
        "projection": "terrain_matching",
        "element_type": "minecraft:legacy_single_pool_element"
      }
    },
    {
      "weight": 2,
      "element": {
        "location": "integrated_villages:kutcha_village/path/kutcha_village_path_obelisk",
        "processors": "integrated_villages:kutcha_village_processor",
        "projection": "terrain_matching",
        "element_type": "minecraft:legacy_single_pool_element"
      }
    }
  ]
}