{
	"variants" : {
        "aether:textures/entity/mobs/moa/white_moa.png" : "outlined_sprite:aether/moa/white_moa.png",
        "aether:textures/entity/mobs/moa/black_moa.png" : "outlined_sprite:aether/moa/black_moa.png",
        "aether:textures/entity/mobs/moa/blue_moa.png" : "outlined_sprite:aether/moa/blue_moa.png",
        "aether:textures/entity/mobs/moa/classic_moa.png" : "outlined_sprite:aether/moa/classic_moa.png",
        "aether:textures/entity/mobs/moa/mos.png" : "outlined_sprite:aether/moa/mos.png",
        "aether:textures/entity/mobs/moa/raptor.png" : "outlined_sprite:aether/moa/raptor.png",
		
		"lost_aether_content:textures/entity/moa/orange_moa.png" : "outlined_sprite:aether/moa/orange_moa.png",
        "lost_aether_content:textures/entity/moa/orange_moa_redux.png" : "outlined_sprite:aether/moa/orange_moa_redux.png",
        "lost_aether_content:textures/entity/moa/brown_moa.png" : "outlined_sprite:aether/moa/brown_moa.png",
        "lost_aether_content:textures/entity/moa/brown_moa_redux.png" : "outlined_sprite:aether/moa/brown_moa_redux.png",
		
		"layersAllowed":true
	}
}