{
	"variants" : {
        "aether:textures/entity/mobs/slider/slider_asleep.png" : "outlined_sprite:aether/slider/slider_asleep.png",
        "aether:textures/entity/mobs/slider/slider_asleep_critical.png" : "outlined_sprite:aether/slider/slider_asleep_critical.png",
        "aether:textures/entity/mobs/slider/slider_awake.png" : "outlined_sprite:aether/slider/slider_awake.png",
        "aether:textures/entity/mobs/slider/slider_awake_critical.png" : "outlined_sprite:aether/slider/slider_awake_critical.png",
		"layersAllowed":true

	}
}