{
  "type": "integrated_api:generic_structure",
  "start_pool": "idas:pillager_fortress/pillager_fortress1",
  "size": 8,
  "rotation_fixed": true,
  "terrain_height_radius_check": 3,
  "allowed_terrain_height_range": 10,
  "valid_biome_radius_check": 1,
  "biomes": "#idas:has_structure/pillager_fortress_biomes",
  "step": "surface_structures",
  "terrain_adaptation": "beard_thin",
  "project_start_to_heightmap": "WORLD_SURFACE_WG",
  "start_height": {
    "absolute": 0
  },
  "spawn_overrides": {}
}