{
  "type": "integrated_api:generic_structure",
  "start_pool": "idas:train_ruins/train_ruins",
  "size": 1,
  "biomes": "#idas:has_structure/train_ruins_biomes",
  "rotation_fixed": true,
  "terrain_height_radius_check": 1,
  "allowed_terrain_height_range": 10,
  "step": "surface_structures",
  "enhanced_terrain_adaptation": {
    "type": "integrated_api:custom",
    "carves": true,
    "beards": true,
    "kernel_size": 10,
    "kernel_distance": 10
  },
  "project_start_to_heightmap": "WORLD_SURFACE_WG",
  "start_height": {
    "absolute": 0
  },
  "spawn_overrides": {}
}