{
	"credit": "Made with Blockbench, by SoulRacer65",
	"texture_size": [32, 32],
	"textures": {
		"0": "minecraft:optifine/cit/icons/special/gilded_acknowledgment",
		"particle": "minecraft:item/gold_ingot"
	},
	"elements": [
		{
			"name": "paper",
			"from": [6.5, 1, 3],
			"to": [9.5, 15, 13],
			"rotation": {"angle": 0, "axis": "y", "origin": [8, 8, 8]},
			"faces": {
				"north": {"uv": [0, 9.5, 7, 11], "rotation": 270, "texture": "#0"},
				"south": {"uv": [0, 9.5, 7, 11], "rotation": 90, "texture": "#0"},
				"up": {"uv": [0, 8, 5, 9.5], "rotation": 90, "texture": "#0"},
				"down": {"uv": [0, 8, 5, 9.5], "rotation": 90, "texture": "#0"}
			}
		},
		{
			"name": "book_cover_left",
			"from": [9.5, 12, 2.5],
			"to": [10.5, 16, 6.5],
			"rotation": {"angle": 0, "axis": "y", "origin": [8, 8, 8]},
			"faces": {
				"north": {"uv": [5, 0, 5.5, 2], "texture": "#0"},
				"east": {"uv": [5.5, 2, 3.5, 0], "rotation": 180, "texture": "#0"},
				"south": {"uv": [2, 2, 1.5, 0], "rotation": 180, "texture": "#0"},
				"west": {"uv": [5.5, 0, 3.5, 2], "texture": "#0"},
				"up": {"uv": [5.5, 0, 3.5, 0.5], "rotation": 90, "texture": "#0"},
				"down": {"uv": [3.5, 1.5, 5.5, 2], "rotation": 90, "texture": "#0"}
			}
		},
		{
			"name": "book_cover_middle",
			"from": [9.5, 13, 6.5],
			"to": [10.5, 16, 9.5],
			"rotation": {"angle": 0, "axis": "y", "origin": [8, 8, 8]},
			"faces": {
				"north": {"uv": [5, 0, 5.5, 2], "texture": "#0"},
				"east": {"uv": [3.5, 1.5, 2, 0], "rotation": 180, "texture": "#0"},
				"south": {"uv": [0.5, 2, 0, 0], "rotation": 180, "texture": "#0"},
				"west": {"uv": [3.5, 0, 2, 1.5], "texture": "#0"},
				"up": {"uv": [3.5, 0, 2, 0.5], "rotation": 90, "texture": "#0"},
				"down": {"uv": [2, 1, 3.5, 1.5], "rotation": 90, "texture": "#0"}
			}
		},
		{
			"name": "book_cover_right",
			"from": [9.5, 12, 9.5],
			"to": [10.5, 16, 13.5],
			"rotation": {"angle": 0, "axis": "y", "origin": [8, 8, 8]},
			"faces": {
				"north": {"uv": [3.5, 0, 4, 2], "texture": "#0"},
				"east": {"uv": [2, 2, 0, 0], "rotation": 180, "texture": "#0"},
				"south": {"uv": [13.5, 2, 13, 0], "rotation": 180, "texture": "#0"},
				"west": {"uv": [2, 0, 0, 2], "texture": "#0"},
				"up": {"uv": [2, 0, 0, 0.5], "rotation": 90, "texture": "#0"},
				"down": {"uv": [0, 1.5, 2, 2], "rotation": 90, "texture": "#0"}
			}
		},
		{
			"name": "book_cover_top",
			"from": [9.5, 0, 2.5],
			"to": [10.5, 4, 6.5],
			"rotation": {"angle": 0, "axis": "y", "origin": [8, 8, 8]},
			"faces": {
				"north": {"uv": [5, 6, 5.5, 8], "texture": "#0"},
				"east": {"uv": [5.5, 8, 3.5, 6], "rotation": 180, "texture": "#0"},
				"south": {"uv": [4, 8, 3.5, 6], "rotation": 180, "texture": "#0"},
				"west": {"uv": [5.5, 6, 3.5, 8], "texture": "#0"},
				"up": {"uv": [5.5, 6, 3.5, 6.5], "rotation": 90, "texture": "#0"},
				"down": {"uv": [3.5, 7.5, 5.5, 8], "rotation": 90, "texture": "#0"}
			}
		},
		{
			"name": "book_cover_middle",
			"from": [9.5, 0, 6.5],
			"to": [10.5, 3, 9.5],
			"rotation": {"angle": 0, "axis": "y", "origin": [8, 8, 8]},
			"faces": {
				"north": {"uv": [5, 6, 5.5, 8], "texture": "#0"},
				"east": {"uv": [3.5, 8, 2, 6.5], "rotation": 180, "texture": "#0"},
				"south": {"uv": [0.5, 8, 0, 6], "rotation": 180, "texture": "#0"},
				"west": {"uv": [3.5, 6.5, 2, 8], "texture": "#0"},
				"up": {"uv": [3.5, 6.5, 2, 7], "rotation": 90, "texture": "#0"},
				"down": {"uv": [2, 7.5, 3.5, 8], "rotation": 90, "texture": "#0"}
			}
		},
		{
			"name": "book_cover_right",
			"from": [9.5, 0, 9.5],
			"to": [10.5, 4, 13.5],
			"rotation": {"angle": 0, "axis": "y", "origin": [8, 8, 8]},
			"faces": {
				"north": {"uv": [1.5, 6, 2, 8], "texture": "#0"},
				"east": {"uv": [2, 8, 0, 6], "rotation": 180, "texture": "#0"},
				"south": {"uv": [13.5, 8, 13, 6], "rotation": 180, "texture": "#0"},
				"west": {"uv": [2, 6, 0, 8], "texture": "#0"},
				"up": {"uv": [2, 6, 0, 6.5], "rotation": 90, "texture": "#0"},
				"down": {"uv": [0, 7.5, 2, 8], "rotation": 90, "texture": "#0"}
			}
		},
		{
			"name": "book_cover_left",
			"from": [9.5, 4, 2.5],
			"to": [10.5, 12, 5.5],
			"rotation": {"angle": 0, "axis": "y", "origin": [8, 8, 8]},
			"faces": {
				"north": {"uv": [5, 2, 5.5, 6], "texture": "#0"},
				"east": {"uv": [5.5, 6, 4, 2], "rotation": 180, "texture": "#0"},
				"south": {"uv": [4.5, 6, 4, 2], "rotation": 180, "texture": "#0"},
				"west": {"uv": [5.5, 2, 4, 6], "texture": "#0"},
				"up": {"uv": [5.5, 2, 4, 2.5], "rotation": 90, "texture": "#0"},
				"down": {"uv": [4, 5.5, 5.5, 6], "rotation": 90, "texture": "#0"}
			}
		},
		{
			"name": "book_cover_right",
			"from": [9.5, 4, 10.5],
			"to": [10.5, 12, 13.5],
			"rotation": {"angle": 0, "axis": "y", "origin": [8, 8, 8]},
			"faces": {
				"north": {"uv": [1, 2, 1.5, 6], "texture": "#0"},
				"east": {"uv": [1.5, 6, 0, 2], "rotation": 180, "texture": "#0"},
				"south": {"uv": [13.5, 6, 13, 2], "rotation": 180, "texture": "#0"},
				"west": {"uv": [1.5, 2, 0, 6], "texture": "#0"},
				"up": {"uv": [1.5, 2, 0, 2.5], "rotation": 90, "texture": "#0"},
				"down": {"uv": [0, 5.5, 1.5, 6], "rotation": 90, "texture": "#0"}
			}
		},
		{
			"name": "book_cover_indent",
			"from": [9.55, 3, 5.5],
			"to": [10, 13, 10.5],
			"rotation": {"angle": 0, "axis": "y", "origin": [8, 8, 8]},
			"faces": {
				"north": {"uv": [3.5, 2, 4, 6], "texture": "#0"},
				"east": {"uv": [4, 6.5, 1.5, 1.5], "rotation": 180, "texture": "#0"},
				"south": {"uv": [2, 6, 1.5, 2], "rotation": 180, "texture": "#0"},
				"west": {"uv": [4, 1.5, 1.5, 6.5], "texture": "#0"},
				"up": {"uv": [4, 2, 1.5, 2.5], "rotation": 90, "texture": "#0"},
				"down": {"uv": [1.5, 5.5, 4, 6], "rotation": 90, "texture": "#0"}
			}
		},
		{
			"name": "book_cover_back",
			"from": [5.5, 0, 2.5],
			"to": [6.5, 16, 13.5],
			"rotation": {"angle": 0, "axis": "y", "origin": [8, 8, 8]},
			"faces": {
				"north": {"uv": [5.5, 8, 6, 0], "rotation": 180, "texture": "#0"},
				"east": {"uv": [5.5, 8, 11, 0], "rotation": 180, "texture": "#0"},
				"south": {"uv": [11, 0, 11.5, 8], "texture": "#0"},
				"west": {"uv": [5.5, 0, 11, 8], "texture": "#0"},
				"up": {"uv": [5.5, 0, 11, 0.5], "rotation": 90, "texture": "#0"},
				"down": {"uv": [11, 7.5, 5.5, 8], "rotation": 90, "texture": "#0"}
			}
		},
		{
			"name": "book_spine",
			"from": [6.5, 0, 12.5],
			"to": [9.5, 16, 13.5],
			"rotation": {"angle": 0, "axis": "y", "origin": [8, 8, 8]},
			"faces": {
				"north": {"uv": [12.5, 0, 11, 8], "texture": "#0"},
				"east": {"uv": [11, 0, 11.5, 8], "rotation": 180, "texture": "#0"},
				"south": {"uv": [11.5, 0, 13, 8], "texture": "#0"},
				"west": {"uv": [12, 0, 12.5, 8], "texture": "#0"},
				"up": {"uv": [13, 0, 11.5, 0.5], "rotation": 180, "texture": "#0"},
				"down": {"uv": [11.5, 7.5, 13, 8], "texture": "#0"}
			}
		}
	],
	"display": {
		"thirdperson_righthand": {
			"rotation": [10, 180, 0],
			"translation": [0, -0.5, 0],
			"scale": [0.7, 0.7, 0.7]
		},
		"thirdperson_lefthand": {
			"rotation": [10, 0, 0],
			"translation": [0, -0.5, 0],
			"scale": [0.7, 0.7, 0.7]
		},
		"firstperson_righthand": {
			"rotation": [-20, -160, 0],
			"translation": [0, 2.75, 0],
			"scale": [0.6, 0.6, 0.6]
		},
		"firstperson_lefthand": {
			"rotation": [-20, 20, 0],
			"translation": [0, 2.75, 0],
			"scale": [0.6, 0.6, 0.6]
		},
		"ground": {
			"rotation": [35, 0, 45],
			"translation": [0, 3.5, 0],
			"scale": [0.5, 0.5, 0.5]
		},
		"gui": {
			"rotation": [35, -120, 0],
			"scale": [0.85, 0.85, 0.85]
		},
		"head": {
			"rotation": [90, 90, 0],
			"translation": [0, 9.25, 0]
		},
		"fixed": {
			"rotation": [0, 90, 0],
			"translation": [0, 0, -2.5]
		}
	},
	"groups": [
		0,
		{
			"name": "book_cover_front",
			"origin": [8, 8, 8],
			"color": 0,
			"children": [
				{
					"name": "book_top",
					"origin": [8, 8, 8],
					"color": 0,
					"children": [1, 2, 3]
				},
				{
					"name": "book_bottom",
					"origin": [8, 8, 8],
					"color": 0,
					"children": [4, 5, 6]
				},
				7,
				8,
				9
			]
		},
		10,
		11
	]
}