{
	"credit": "Made with Blockbench, by SoulRacer65",
	"texture_size": [32, 32],
	"textures": {
		"0": "minecraft:optifine/cit/icons/general/the_infinitum",
		"particle": "minecraft:block/dragon_egg"
	},
	"elements": [
		{
			"from": [6.5, 1, 3],
			"to": [9.5, 15, 13],
			"rotation": {"angle": 0, "axis": "y", "origin": [8, 8, 8]},
			"faces": {
				"north": {"uv": [0, 9.5, 7, 11], "rotation": 270, "texture": "#0"},
				"south": {"uv": [0, 9.5, 7, 11], "rotation": 90, "texture": "#0"},
				"up": {"uv": [0, 8, 5, 9.5], "rotation": 90, "texture": "#0"},
				"down": {"uv": [0, 8, 5, 9.5], "rotation": 90, "texture": "#0"}
			}
		},
		{
			"from": [9.5, 0, 2.5],
			"to": [10.5, 16, 13.5],
			"rotation": {"angle": 0, "axis": "y", "origin": [8, 8, 8]},
			"faces": {
				"north": {"uv": [5, 0, 5.5, 8], "texture": "#0"},
				"east": {"uv": [5.5, 8, 0, 0], "rotation": 180, "texture": "#0"},
				"south": {"uv": [0.5, 8, 0, 0], "rotation": 180, "texture": "#0"},
				"west": {"uv": [5.5, 0, 0, 8], "texture": "#0"},
				"up": {"uv": [5.5, 0, 0, 0.5], "rotation": 90, "texture": "#0"},
				"down": {"uv": [0, 7.5, 5.5, 8], "rotation": 90, "texture": "#0"}
			}
		},
		{
			"from": [10, 5, 6.5],
			"to": [11, 11, 9.5],
			"rotation": {"angle": 0, "axis": "y", "origin": [8, 8, 8]},
			"faces": {
				"north": {"uv": [16, 3, 15.5, 0], "rotation": 180, "texture": "#0"},
				"east": {"uv": [16, 3, 14.5, 0], "rotation": 180, "texture": "#0"},
				"south": {"uv": [15, 3, 14.5, 0], "rotation": 180, "texture": "#0"},
				"west": {"uv": [14.5, 3, 16, 0], "rotation": 180, "texture": "#0"},
				"up": {"uv": [14.5, 0, 16, 0.5], "rotation": 270, "texture": "#0"},
				"down": {"uv": [14.5, 2.5, 16, 3], "rotation": 90, "texture": "#0"}
			}
		},
		{
			"from": [5.5, 0, 2.5],
			"to": [6.5, 16, 13.5],
			"rotation": {"angle": 0, "axis": "y", "origin": [8, 8, 8]},
			"faces": {
				"north": {"uv": [5.5, 8, 6, 0], "rotation": 180, "texture": "#0"},
				"east": {"uv": [5.5, 8, 11, 0], "rotation": 180, "texture": "#0"},
				"south": {"uv": [10.5, 0, 11, 8], "texture": "#0"},
				"west": {"uv": [5.5, 0, 11, 8], "texture": "#0"},
				"up": {"uv": [5.5, 0, 11, 0.5], "rotation": 90, "texture": "#0"},
				"down": {"uv": [5.5, 7.5, 11, 8], "rotation": 90, "texture": "#0"}
			}
		},
		{
			"from": [6.5, 0, 12.5],
			"to": [9.5, 16, 13.5],
			"rotation": {"angle": 0, "axis": "y", "origin": [8, 8, 8]},
			"faces": {
				"north": {"uv": [12.5, 0, 11, 8], "texture": "#0"},
				"east": {"uv": [0, 0, 0, 8], "rotation": 180, "texture": "#0"},
				"south": {"uv": [11, 0, 12.5, 8], "texture": "#0"},
				"west": {"uv": [0, 0, 0, 8], "texture": "#0"},
				"up": {"uv": [11, 0, 12.5, 0.5], "rotation": 180, "texture": "#0"},
				"down": {"uv": [11, 7.5, 12.5, 8], "texture": "#0"}
			}
		}
	],
	"gui_light": "front",
	"display": {
		"thirdperson_righthand": {
			"rotation": [10, 180, 0],
			"translation": [0, -0.5, 0],
			"scale": [0.7, 0.7, 0.7]
		},
		"thirdperson_lefthand": {
			"rotation": [10, 0, 0],
			"translation": [0, -0.5, 0],
			"scale": [0.7, 0.7, 0.7]
		},
		"firstperson_righthand": {
			"rotation": [-20, -160, 0],
			"translation": [0, 2.75, 0],
			"scale": [0.6, 0.6, 0.6]
		},
		"firstperson_lefthand": {
			"rotation": [-20, 20, 0],
			"translation": [0, 2.75, 0],
			"scale": [0.6, 0.6, 0.6]
		},
		"ground": {
			"rotation": [35, 0, 45],
			"translation": [0, 3.5, 0],
			"scale": [0.5, 0.5, 0.5]
		},
		"gui": {
			"rotation": [35, -120, 0],
			"scale": [0.85, 0.85, 0.85]
		},
		"head": {
			"rotation": [90, 90, 0],
			"translation": [0, 9.25, 0]
		},
		"fixed": {
			"rotation": [0, 90, 0],
			"translation": [0, 0, -2.5]
		}
	}
}