{
  "type": "integrated_api:generic_structure",
  "start_pool": "idas:dig_site/dig_site_desert",
  "size": 2,
  "rotation_fixed": true,
  "terrain_height_radius_check": 1,
  "allowed_terrain_height_range": 12,
  "valid_biome_radius_check": 1,
  "biomes": "#idas:has_structure/desert_biomes",
  "step": "surface_structures",
  "enhanced_terrain_adaptation": {
    "type": "integrated_api:none"
  },
  "project_start_to_heightmap": "WORLD_SURFACE_WG",
  "start_height": {
    "absolute": 0
  },
  "spawn_overrides": {}
}