{
  "parent": "idas:idas_root",
  "display": {
    "icon": {
      "item": "minecraft:amethyst_block"
    },
    "title": {
      "translate": "Archmage's Tower"
    },
    "description": {
      "translate": "Can you conquer this treacherous magical tower?"
    },
    "show_toast": true,
    "announce_to_chat": true,
    "frame": "challenge",
    "hidden": false
  },
  "rewards": {
    "experience": 100
  },
  "criteria": {
    "in_archmages_tower": {
      "trigger": "minecraft:location",
      "conditions": {
        "player": [
          {
            "condition": "minecraft:entity_properties",
            "entity": "this",
            "predicate": {
              "location": {
                "structure": "idas:ars_nouveau/archmages_tower"
              }
            }
          }
        ]
      }
    }
  },
  "requirements": [
    [
      "in_archmages_tower"
    ]
  ]
}