{
  "parent": "idas:idas_root",
  "display": {
    "icon": {
      "item": "create:wrench"
    },
    "title": {
      "translate": "Tinker's Citadel"
    },
    "description": {
      "translate": "A safe haven for Tinker's of all cogs and casings"
    },
    "show_toast": true,
    "announce_to_chat": true,
    "frame": "challenge",
    "hidden": false
  },
  "rewards": {
    "experience": 100
  },
  "criteria": {
    "in_tinkers_citadel": {
      "trigger": "minecraft:location",
      "conditions": {
        "player": [
          {
            "condition": "minecraft:entity_properties",
            "entity": "this",
            "predicate": {
              "location": {
                "structure": "idas:tinkers_citadel"
              }
            }
          }
        ]
      }
    }
  },
  "requirements": [
    [
      "in_tinkers_citadel"
    ]
  ]
}