{
	"credit": "Made with Blockbench, by SoulRacer65",
	"texture_size": [48, 32],
	"textures": {
		"0": "minecraft:optifine/cit/icons/special/the_seraphim_awakened",
		"particle": "minecraft:item/quartz"
	},
	"elements": [
		{
			"name": "wing_1",
			"from": [6, -4, -7.5],
			"to": [6, 21, 3.5],
			"rotation": {"angle": 22.5, "axis": "y", "origin": [6, 8, 2.5]},
			"faces": {
				"north": {"uv": [5, 0, 5.5, 8], "texture": "#0"},
				"east": {"uv": [14.33333, 12.5, 10.66667, 0], "rotation": 180, "texture": "#0"},
				"south": {"uv": [0.5, 8, 0, 0], "rotation": 180, "texture": "#0"},
				"west": {"uv": [14.33333, 0, 10.66667, 12.5], "texture": "#0"}
			}
		},
		{
			"name": "wing_2",
			"from": [6, -4, 12.5],
			"to": [6, 21, 23.5],
			"rotation": {"angle": -22.5, "axis": "y", "origin": [6, 8, 13.5]},
			"faces": {
				"north": {"uv": [0, 8, 0.5, 0], "rotation": 180, "texture": "#0"},
				"east": {"uv": [10.66667, 12.5, 14.33333, 0], "rotation": 180, "texture": "#0"},
				"south": {"uv": [5.5, 0, 5, 8], "texture": "#0"},
				"west": {"uv": [10.66667, 0, 14.33333, 12.5], "texture": "#0"}
			}
		},
		{
			"from": [6.5, 1, 3],
			"to": [9.5, 15, 13],
			"rotation": {"angle": 0, "axis": "y", "origin": [8, 8, 8]},
			"faces": {
				"north": {"uv": [0, 9.5, 4.66667, 11], "rotation": 270, "texture": "#0"},
				"south": {"uv": [0, 9.5, 4.66667, 11], "rotation": 90, "texture": "#0"},
				"up": {"uv": [0, 8, 3.33333, 9.5], "rotation": 90, "texture": "#0"},
				"down": {"uv": [0, 8, 3.33333, 9.5], "rotation": 90, "texture": "#0"}
			}
		},
		{
			"from": [9.5, 0, 2.5],
			"to": [10.5, 16, 13.5],
			"rotation": {"angle": 0, "axis": "y", "origin": [8, 8, 8]},
			"faces": {
				"north": {"uv": [3.33333, 0, 3.66667, 8], "texture": "#0"},
				"east": {"uv": [3.66667, 8, 0, 0], "rotation": 180, "texture": "#0"},
				"south": {"uv": [0, 8, 0.33333, 0], "rotation": 180, "texture": "#0"},
				"west": {"uv": [5.5, 0, 0, 8], "texture": "#0"},
				"up": {"uv": [3.66667, 0, 0, 0.5], "rotation": 90, "texture": "#0"},
				"down": {"uv": [0, 7.5, 3.66667, 8], "rotation": 90, "texture": "#0"}
			}
		},
		{
			"from": [10, 5, 5.5],
			"to": [11, 11, 10.5],
			"rotation": {"angle": 0, "axis": "y", "origin": [8, 8, 8]},
			"faces": {
				"north": {"uv": [10.33333, 3.5, 10, 0.5], "rotation": 180, "texture": "#0"},
				"east": {"uv": [10.33333, 3.5, 8.66667, 0.5], "rotation": 180, "texture": "#0"},
				"south": {"uv": [9, 3.5, 8.66667, 0.5], "rotation": 180, "texture": "#0"},
				"west": {"uv": [13, 3.5, 15.5, 0.5], "rotation": 180, "texture": "#0"},
				"up": {"uv": [8.66667, 0.5, 10.33333, 1], "rotation": 270, "texture": "#0"},
				"down": {"uv": [8.66667, 3, 10.33333, 3.5], "rotation": 90, "texture": "#0"}
			}
		},
		{
			"from": [5.5, 0, 2.5],
			"to": [6.5, 16, 13.5],
			"rotation": {"angle": 0, "axis": "y", "origin": [8, 8, 8]},
			"faces": {
				"north": {"uv": [3.66667, 8, 4, 0], "rotation": 180, "texture": "#0"},
				"east": {"uv": [3.66667, 8, 7.33333, 0], "rotation": 180, "texture": "#0"},
				"south": {"uv": [7, 0, 7.33333, 8], "texture": "#0"},
				"west": {"uv": [3.66667, 0, 7.33333, 8], "texture": "#0"},
				"up": {"uv": [3.66667, 0, 7.33333, 0.5], "rotation": 90, "texture": "#0"},
				"down": {"uv": [3.66667, 7.5, 7.33333, 8], "rotation": 90, "texture": "#0"}
			}
		},
		{
			"from": [6.5, 0, 12.5],
			"to": [9.5, 16, 13.5],
			"rotation": {"angle": 0, "axis": "y", "origin": [8, 8, 8]},
			"faces": {
				"north": {"uv": [8.33333, 0, 7.33333, 8], "texture": "#0"},
				"east": {"uv": [0, 0, 0, 8], "rotation": 180, "texture": "#0"},
				"south": {"uv": [7.33333, 0, 8.33333, 8], "texture": "#0"},
				"west": {"uv": [0, 0, 0, 8], "texture": "#0"},
				"up": {"uv": [7.33333, 0, 8.33333, 0.5], "rotation": 180, "texture": "#0"},
				"down": {"uv": [7.33333, 7.5, 8.33333, 8], "texture": "#0"}
			}
		}
	],
	"gui_light": "front",
	"display": {
		"thirdperson_righthand": {
			"rotation": [10, 180, 0],
			"translation": [0, -0.5, 0],
			"scale": [0.7, 0.7, 0.7]
		},
		"thirdperson_lefthand": {
			"rotation": [10, 0, 0],
			"translation": [0, -0.5, 0],
			"scale": [0.7, 0.7, 0.7]
		},
		"firstperson_righthand": {
			"rotation": [-20, -160, 0],
			"translation": [0, 2.75, 0],
			"scale": [0.6, 0.6, 0.6]
		},
		"firstperson_lefthand": {
			"rotation": [-20, 20, 0],
			"translation": [0, 2.75, 0],
			"scale": [0.6, 0.6, 0.6]
		},
		"ground": {
			"rotation": [35, 0, 45],
			"translation": [0, 3.5, 0],
			"scale": [0.5, 0.5, 0.5]
		},
		"gui": {
			"rotation": [35, -120, 0],
			"scale": [0.85, 0.85, 0.85]
		},
		"head": {
			"rotation": [90, 90, 0],
			"translation": [0, 9.25, 0]
		},
		"fixed": {
			"rotation": [0, 90, 0],
			"translation": [0, 0, -2.5]
		}
	},
	"groups": [
		{
			"name": "wings",
			"origin": [8, 8, 8],
			"color": 0,
			"children": [0, 1]
		},
		2,
		3,
		{
			"name": "group",
			"origin": [8, 8, 8],
			"color": 0,
			"children": []
		},
		4,
		5,
		6
	]
}