{
  "processors": [
    {
      "processor_type": "idas:waterlogging_fix_processor"
    },
    {
      "processor_type": "integrated_api:integrated_block_replace_processor",
      "input_block" : "minecraft:pearlescent_froglight",
      "required_mod" : "alexscaves",
      "output_block" : "alexscaves:radon_lamp_purple",
      "probability" : 1
    },
    {
      "processor_type": "integrated_api:spawner_randomizing_processor",
      "integrated_api_spawner_resourcelocation": "idas:archmages_tower",
      "valid_block_light_level": {
        "min_inclusive": 0,
        "max_inclusive": 6
      },
      "delay": 20,
      "max_nearby_entities": 6,
      "max_spawn_delay": 800,
      "min_spawn_delay": 200,
      "required_player_range": 16,
      "spawn_count": 4,
      "spawn_range": 4
    }
  ]
}