{
  "type": "minecraft:chest",
  "pools": [
    {
      "rolls": {
        "type": "minecraft:uniform",
        "min": 4,
        "max": 10
      },
      "bonus_rolls": 0,
      "entries": [
        {
          "type": "minecraft:item",
          "weight": 25,
          "name": "minecraft:book",
          "functions": [
            {
              "function": "minecraft:set_count",
              "count": {
                "type": "minecraft:uniform",
                "min": 1,
                "max": 3
              },
              "add": false
            }
          ]
        },
        {
          "type": "minecraft:item",
          "weight": 25,
          "name": "minecraft:paper",
          "functions": [
            {
              "function": "minecraft:set_count",
              "count": {
                "type": "minecraft:uniform",
                "min": 2,
                "max": 7
              },
              "add": false
            }
          ]
        },
        {
          "type": "minecraft:item",
          "name": "minecraft:map"
        },
        {
          "type": "minecraft:item",
          "name": "minecraft:compass"
        },
        {
          "type": "minecraft:item",
          "name": "ars_nouveau:worn_notebook"
        },
        {
          "type": "minecraft:item",
          "name": "ars_nouveau:novice_spell_book"
        },
        {
          "type": "minecraft:item",
          "weight": 15,
          "name": "minecraft:book",
          "functions": [
            {
              "function": "minecraft:enchant_with_levels",
              "levels": 15
            }
          ]
        },
        {
          "type": "minecraft:item",
          "weight": 5,
          "name": "minecraft:book",
          "functions": [
            {
              "function": "minecraft:enchant_with_levels",
              "levels": 30,
              "treasure": true
            }
          ]
        }
      ]
    },
    {
      "rolls": {
        "type": "minecraft:uniform",
        "min": 1,
        "max": 2
      },
      "bonus_rolls": 0,
      "entries": [
        {
          "type": "minecraft:empty",
          "weight": 20
        },
        {
          "type": "minecraft:item",
          "weight": 10,
          "name": "minecraft:writable_book",
          "functions": [
            {
              "function": "minecraft:set_count",
              "count": {
                "type": "minecraft:uniform",
                "min": 1,
                "max": 1
              },
              "add": false
            }
          ]
        },
        {
          "type": "minecraft:item",
          "weight": 5,
          "name": "create:crafting_blueprint",
          "functions": [
            {
              "function": "minecraft:set_count",
              "count": {
                "type": "minecraft:uniform",
                "min": 1,
                "max": 2
              },
              "add": false
            }
          ]
        },
        {
          "type": "minecraft:item",
          "weight": 5,
          "name": "minecraft:painting",
          "functions": [
            {
              "function": "minecraft:set_count",
              "count": {
                "type": "minecraft:uniform",
                "min": 1,
                "max": 1
              },
              "add": false
            }
          ]
        },
        {
          "type": "minecraft:item",
          "weight": 5,
          "name": "quark:abacus",
          "functions": [
            {
              "function": "minecraft:set_count",
              "count": {
                "type": "minecraft:uniform",
                "min": 1,
                "max": 1
              },
              "add": false
            }
          ]
        },
        {
          "type": "minecraft:item",
          "weight": 10,
          "name": "ars_nouveau:blank_parchment",
          "functions": [
            {
              "function": "minecraft:set_count",
              "count": {
                "type": "minecraft:uniform",
                "min": 2,
                "max": 4
              },
              "add": false
            }
          ]
        }
      ]
    },
    {
      "rolls": 1,
      "entries": [
        {
          "type": "minecraft:empty",
          "weight": 10
        },
        {
          "type": "minecraft:item",
          "weight": 1,
          "name": "ars_nouveau:ritual_burrowing"
        },
        {
          "type": "minecraft:item",
          "weight": 1,
          "name": "ars_nouveau:ritual_challenge"
        },
        {
          "type": "minecraft:item",
          "weight": 1,
          "name": "ars_nouveau:ritual_binding"
        },
        {
          "type": "minecraft:item",
          "weight": 1,
          "name": "ars_nouveau:ritual_awakening"
        },
        {
          "type": "minecraft:item",
          "weight": 1,
          "name": "ars_nouveau:ritual_disintegration"
        },
        {
          "type": "minecraft:item",
          "weight": 1,
          "name": "ars_nouveau:ritual_sunrise"
        },
        {
          "type": "minecraft:item",
          "weight": 1,
          "name": "ars_nouveau:ritual_cloudshaping"
        },
        {
          "type": "minecraft:item",
          "weight": 1,
          "name": "ars_nouveau:ritual_flight"
        },
        {
          "type": "minecraft:item",
          "weight": 1,
          "name": "ars_nouveau:ritual_conjure_island_plains"
        },
        {
          "type": "minecraft:item",
          "weight": 1,
          "name": "ars_nouveau:ritual_restoration"
        },
        {
          "type": "minecraft:item",
          "weight": 1,
          "name": "ars_nouveau:ritual_animal_summon"
        },
        {
          "type": "minecraft:item",
          "weight": 1,
          "name": "ars_nouveau:ritual_forestation"
        },
        {
          "type": "minecraft:item",
          "weight": 1,
          "name": "ars_nouveau:ritual_moonfall"
        },
        {
          "type": "minecraft:item",
          "weight": 1,
          "name": "ars_nouveau:ritual_containment"
        },
        {
          "type": "minecraft:item",
          "weight": 1,
          "name": "ars_nouveau:ritual_scrying"
        },
        {
          "type": "minecraft:item",
          "weight": 1,
          "name": "ars_nouveau:ritual_gravity"
        },
        {
          "type": "minecraft:item",
          "weight": 1,
          "name": "ars_nouveau:ritual_flowering"
        },
        {
          "type": "minecraft:item",
          "weight": 1,
          "name": "ars_nouveau:ritual_sanctuary"
        },
        {
          "type": "minecraft:item",
          "weight": 1,
          "name": "ars_nouveau:ritual_fertility"
        },
        {
          "type": "minecraft:item",
          "weight": 1,
          "name": "ars_nouveau:ritual_overgrowth"
        },
        {
          "type": "minecraft:item",
          "weight": 1,
          "name": "ars_nouveau:ritual_conjure_island_desert"
        },
        {
          "type": "minecraft:item",
          "weight": 1,
          "name": "ars_nouveau:ritual_harvest"
        }
      ]
    }
  ]
}
