{
  "name": "idas:labyrinth/labyrinth_entrance",
  "fallback": "minecraft:empty",
  "elements": [
    {
      "weight": 1,
      "element": {
        "location": "idas:labyrinth/labyrinth_entrance",
        "processors": "idas:labyrinth_processor",
        "projection": "rigid",
        "enhanced_terrain_adaptation": {
          "type": "integrated_api:custom",
          "carves": true,
          "beards": true,
          "kernel_size": 35,
          "kernel_distance": 35
        },
        "element_type": "integrated_api:integrated_api_single_pool_element"
      }
    }
  ]
}