{
  "type": "minecraft:archaeology",
  "pools": [
    {
      "rolls": 1,
      "bonus_rolls": 0,
      "entries": [
        {
          "type": "minecraft:item",
          "name": "minecraft:archer_pottery_sherd"
        },
        {
          "type": "minecraft:item",
          "name": "minecraft:prize_pottery_sherd"
        },
        {
          "type": "minecraft:item",
          "name": "minecraft:heart_pottery_sherd"
        },
        {
          "type": "minecraft:item",
          "name": "minecraft:heartbreak_pottery_sherd"
        },
        {
          "type": "minecraft:item",
          "weight": 1,
          "name": "create:crushed_raw_copper"
        },
        {
          "type": "minecraft:item",
          "weight": 1,
          "name": "create:crushed_raw_zinc"
        },
        {
          "type": "minecraft:item",
          "weight": 1,
          "name": "create:crushed_raw_gold"
        },
        {
          "type": "minecraft:item",
          "weight": 1,
          "name": "minecraft:iron_shovel"
        },
        {
          "type": "minecraft:item",
          "weight": 1,
          "name": "minecraft:black_candle"
        },
        {
          "type": "minecraft:item",
          "weight": 1,
          "name": "supplementaries:flute"
        },
        {
          "type": "minecraft:item",
          "weight": 1,
          "name": "supplementaries:rope"
        },
        {
          "type": "minecraft:item",
          "weight": 1,
          "name": "supplementaries:statue"
        },
        {
          "type": "minecraft:item",
          "weight": 1,
          "name": "minecraft:emerald"
        },
        {
          "type": "minecraft:item",
          "weight": 1,
          "name": "minecraft:emerald"
        }
      ]
    }
  ]
}