{
  "name": "integrated_villages:oasis_village/house/main",
  "fallback": "minecraft:empty",
  "elements": [
    {
      "weight": 1,
      "element": {
        "location": "integrated_villages:oasis_village/house/oasis_village_main",
        "processors": "integrated_villages:oasis_village_processor",
        "projection": "rigid",
        "enhanced_terrain_adaptation": {
          "type": "integrated_api:custom",
          "carves": true,
          "beards": true,
          "kernel_size": 25,
          "kernel_distance": 25
        },
        "element_type": "integrated_api:integrated_api_single_pool_element"
      }
    }
  ]
}