{
  "name": "integrated_villages:pirate_village/ship/large_ship",
  "fallback": "integrated_villages:pirate_village/ship/large_ship",
  "elements": [
    {
      "weight": 1,
      "element": {
        "location": "integrated_villages:pirate_village/ship/pirate_village_large_ship",
        "processors": "integrated_villages:pirate_village_processor",
        "projection": "rigid",
        "enhanced_terrain_adaptation": {
          "type": "integrated_api:custom",
          "carves": true,
          "beards": false,
          "kernel_size": 12,
          "kernel_distance": 4
        },
        "element_type": "integrated_api:integrated_api_single_pool_element"
      }
    }
  ]
}