{
	"credit": "Made with Blockbench",
	"parent": "enigmaticlegacy:item/held_book",
	"texture_size": [32, 32],
	"textures": {
		"2": "enigmaticlegacy:items/3d/the_acknowledgment_3d"
	},
	"elements": [
		{
			"name": "paper",
			"from": [8.15, 1, 11.5],
			"to": [18.15, 15, 13],
			"rotation": {"angle": 22.5, "axis": "y", "origin": [8, 8, 12]},
			"faces": {
				"north": {"uv": [11, 9, 16, 16], "texture": "#2"},
				"east": {"uv": [0, 9.5, 7, 10.25], "rotation": 270, "texture": "#2"},
				"south": {"uv": [11, 9, 16, 16], "texture": "#2"},
				"west": {"uv": [0, 9.5, 7, 11], "rotation": 90, "texture": "#2"},
				"up": {"uv": [0, 8, 5, 8.75], "rotation": 180, "texture": "#2"},
				"down": {"uv": [0, 8, 5, 8.75], "texture": "#2"}
			}
		},
		{
			"name": "paper",
			"from": [-2.25, 1, 11.5],
			"to": [7.75, 15, 13],
			"rotation": {"angle": -22.5, "axis": "y", "origin": [8, 8, 12]},
			"faces": {
				"north": {"uv": [11, 9, 16, 16], "texture": "#2"},
				"east": {"uv": [0, 9.5, 7, 11], "rotation": 90, "texture": "#2"},
				"south": {"uv": [11, 9, 16, 16], "texture": "#2"},
				"west": {"uv": [0, 10.25, 7, 11], "rotation": 270, "texture": "#2"},
				"up": {"uv": [0, 8.75, 5, 9.5], "texture": "#2"},
				"down": {"uv": [0, 8.75, 5, 9.5], "rotation": 180, "texture": "#2"}
			}
		},
		{
			"name": "book_cover_left",
			"from": [16.3, 12, 12.25],
			"to": [20.3, 16, 13.25],
			"rotation": {"angle": 22.5, "axis": "y", "origin": [10, 8, 13]},
			"faces": {
				"north": {"uv": [5.5, 0, 3.5, 2], "texture": "#2"},
				"east": {"uv": [5, 0, 5.5, 2], "texture": "#2"},
				"south": {"uv": [5.5, 2, 3.5, 0], "rotation": 180, "texture": "#2"},
				"west": {"uv": [2, 2, 1.5, 0], "rotation": 180, "texture": "#2"},
				"up": {"uv": [5.5, 0, 3.5, 0.5], "rotation": 180, "texture": "#2"},
				"down": {"uv": [3.5, 1.5, 5.5, 2], "texture": "#2"}
			}
		},
		{
			"name": "book_cover_middle",
			"from": [13.3, 13, 12.25],
			"to": [16.3, 16, 13.25],
			"rotation": {"angle": 22.5, "axis": "y", "origin": [10, 8, 13]},
			"faces": {
				"north": {"uv": [3.5, 0, 2, 1.5], "texture": "#2"},
				"east": {"uv": [5, 0, 5.5, 2], "texture": "#2"},
				"south": {"uv": [3.5, 1.5, 2, 0], "rotation": 180, "texture": "#2"},
				"west": {"uv": [0.5, 2, 0, 0], "rotation": 180, "texture": "#2"},
				"up": {"uv": [3.5, 0, 2, 0.5], "rotation": 180, "texture": "#2"},
				"down": {"uv": [2, 1, 3.5, 1.5], "texture": "#2"}
			}
		},
		{
			"name": "book_cover_right",
			"from": [9.3, 12, 12.25],
			"to": [13.3, 16, 13.25],
			"rotation": {"angle": 22.5, "axis": "y", "origin": [10, 8, 13]},
			"faces": {
				"north": {"uv": [2, 0, 0, 2], "texture": "#2"},
				"east": {"uv": [3.5, 0, 4, 2], "texture": "#2"},
				"south": {"uv": [2, 2, 0, 0], "rotation": 180, "texture": "#2"},
				"west": {"uv": [13.5, 2, 13, 0], "rotation": 180, "texture": "#2"},
				"up": {"uv": [2, 0, 0, 0.5], "rotation": 180, "texture": "#2"},
				"down": {"uv": [0, 1.5, 2, 2], "texture": "#2"}
			}
		},
		{
			"name": "book_cover_top",
			"from": [16.3, 0, 12.25],
			"to": [20.3, 4, 13.25],
			"rotation": {"angle": 22.5, "axis": "y", "origin": [10, 8, 13]},
			"faces": {
				"north": {"uv": [5.5, 6, 3.5, 8], "texture": "#2"},
				"east": {"uv": [5, 6, 5.5, 8], "texture": "#2"},
				"south": {"uv": [5.5, 8, 3.5, 6], "rotation": 180, "texture": "#2"},
				"west": {"uv": [4, 8, 3.5, 6], "rotation": 180, "texture": "#2"},
				"up": {"uv": [5.5, 6, 3.5, 6.5], "rotation": 180, "texture": "#2"},
				"down": {"uv": [3.5, 7.5, 5.5, 8], "texture": "#2"}
			}
		},
		{
			"name": "book_cover_middle",
			"from": [13.3, 0, 12.25],
			"to": [16.3, 3, 13.25],
			"rotation": {"angle": 22.5, "axis": "y", "origin": [10, 8, 13]},
			"faces": {
				"north": {"uv": [3.5, 6.5, 2, 8], "texture": "#2"},
				"east": {"uv": [5, 6, 5.5, 8], "texture": "#2"},
				"south": {"uv": [3.5, 8, 2, 6.5], "rotation": 180, "texture": "#2"},
				"west": {"uv": [0.5, 8, 0, 6], "rotation": 180, "texture": "#2"},
				"up": {"uv": [3.5, 6.5, 2, 7], "rotation": 180, "texture": "#2"},
				"down": {"uv": [2, 7.5, 3.5, 8], "texture": "#2"}
			}
		},
		{
			"name": "book_cover_right",
			"from": [9.3, 0, 12.25],
			"to": [13.3, 4, 13.25],
			"rotation": {"angle": 22.5, "axis": "y", "origin": [10, 8, 13]},
			"faces": {
				"north": {"uv": [2, 6, 0, 8], "texture": "#2"},
				"east": {"uv": [1.5, 6, 2, 8], "texture": "#2"},
				"south": {"uv": [2, 8, 0, 6], "rotation": 180, "texture": "#2"},
				"west": {"uv": [13.5, 8, 13, 6], "rotation": 180, "texture": "#2"},
				"up": {"uv": [2, 6, 0, 6.5], "rotation": 180, "texture": "#2"},
				"down": {"uv": [0, 7.5, 2, 8], "texture": "#2"}
			}
		},
		{
			"name": "book_cover_left",
			"from": [17.3, 4, 12.25],
			"to": [20.3, 12, 13.25],
			"rotation": {"angle": 22.5, "axis": "y", "origin": [10, 8, 13]},
			"faces": {
				"north": {"uv": [5.5, 2, 4, 6], "texture": "#2"},
				"east": {"uv": [5, 2, 5.5, 6], "texture": "#2"},
				"south": {"uv": [5.5, 6, 4, 2], "rotation": 180, "texture": "#2"},
				"west": {"uv": [4.5, 6, 4, 2], "rotation": 180, "texture": "#2"},
				"up": {"uv": [5.5, 2, 4, 2.5], "rotation": 180, "texture": "#2"},
				"down": {"uv": [4, 5.5, 5.5, 6], "texture": "#2"}
			}
		},
		{
			"name": "book_cover_right",
			"from": [9.3, 4, 12.25],
			"to": [12.3, 12, 13.25],
			"rotation": {"angle": 22.5, "axis": "y", "origin": [10, 8, 13]},
			"faces": {
				"north": {"uv": [1.5, 2, 0, 6], "texture": "#2"},
				"east": {"uv": [1, 2, 1.5, 6], "texture": "#2"},
				"south": {"uv": [1.5, 6, 0, 2], "rotation": 180, "texture": "#2"},
				"west": {"uv": [13.5, 6, 13, 2], "rotation": 180, "texture": "#2"},
				"up": {"uv": [1.5, 2, 0, 2.5], "rotation": 180, "texture": "#2"},
				"down": {"uv": [0, 5.5, 1.5, 6], "texture": "#2"}
			}
		},
		{
			"name": "book_cover_indent",
			"from": [12.3, 3, 12.3],
			"to": [17.3, 13, 12.75],
			"rotation": {"angle": 22.5, "axis": "y", "origin": [10, 8, 13]},
			"faces": {
				"north": {"uv": [4, 1.5, 1.5, 6.5], "texture": "#2"},
				"east": {"uv": [3.5, 2, 4, 6], "texture": "#2"},
				"south": {"uv": [4, 6.5, 1.5, 1.5], "rotation": 180, "texture": "#2"},
				"west": {"uv": [2, 6, 1.5, 2], "rotation": 180, "texture": "#2"},
				"up": {"uv": [4, 2, 1.5, 2.5], "rotation": 180, "texture": "#2"},
				"down": {"uv": [1.5, 5.5, 4, 6], "texture": "#2"}
			}
		},
		{
			"name": "book_cover_back",
			"from": [-4.3, 0, 12.25],
			"to": [6.7, 16, 13.25],
			"rotation": {"angle": -22.5, "axis": "y", "origin": [6, 8, 13]},
			"faces": {
				"north": {"uv": [5.5, 8, 11, 0], "rotation": 180, "texture": "#2"},
				"east": {"uv": [11, 0, 11.5, 8], "texture": "#2"},
				"south": {"uv": [5.5, 0, 11, 8], "texture": "#2"},
				"west": {"uv": [5.5, 8, 6, 0], "rotation": 180, "texture": "#2"},
				"up": {"uv": [5.5, 0, 11, 0.5], "texture": "#2"},
				"down": {"uv": [11, 7.5, 5.5, 8], "rotation": 180, "texture": "#2"}
			}
		},
		{
			"name": "book_spine",
			"from": [6.5, 0, 12.5],
			"to": [9.5, 16, 13.5],
			"rotation": {"angle": 0, "axis": "y", "origin": [8, 8, 8]},
			"faces": {
				"north": {"uv": [12.5, 0, 11, 8], "texture": "#2"},
				"east": {"uv": [11, 0, 11.5, 8], "rotation": 180, "texture": "#2"},
				"south": {"uv": [11.5, 0, 13, 8], "texture": "#2"},
				"west": {"uv": [12, 0, 12.5, 8], "texture": "#2"},
				"up": {"uv": [13, 0, 11.5, 0.5], "rotation": 180, "texture": "#2"},
				"down": {"uv": [11.5, 7.5, 13, 8], "texture": "#2"}
			}
		}
	],
	"display": {
		"thirdperson_righthand": {
			"rotation": [-15, 180, 0],
			"translation": [0, 4.75, 1.75],
			"scale": [0.7, 0.7, 0.7]
		},
		"thirdperson_lefthand": {
			"rotation": [-15, 180, 0],
			"translation": [0, 4.75, 1.75],
			"scale": [0.7, 0.7, 0.7]
		},
		"ground": {
			"rotation": [60, 0, 0],
			"translation": [0, 3, 0],
			"scale": [0.59, 0.59, 0.59]
		},
		"gui": {
			"rotation": [-31, 147, 36],
			"translation": [0, 0.75, 0],
			"scale": [0.82, 0.82, 0.82]
		},
		"head": {
			"rotation": [0, 180, 0],
			"translation": [0, 0, -4.5]
		},
		"fixed": {
			"rotation": [-47, 0, 0],
			"translation": [0, -3, -16],
			"scale": [1.4, 1.4, 1.4]
		}
	},
	"groups": [
		0,
		1,
		{
			"name": "book_cover_front",
			"origin": [8, 8, 8],
			"color": 0,
			"children": [
				{
					"name": "book_top",
					"origin": [8, 8, 8],
					"color": 0,
					"children": [2, 3, 4]
				},
				{
					"name": "book_bottom",
					"origin": [8, 8, 8],
					"color": 0,
					"children": [5, 6, 7]
				},
				8,
				9,
				10
			]
		},
		11,
		12
	]
}